Time Offset Relative to Last,0.02,6.10E-05,30,164,0,1,0,0,0,0,0,0,0,0,0,0,0,0,0,0,0
Time Offset Relative to Last,0.02,6.10E-05,29.99999767,164,0,1,0,0,0,0,0,0,0,0,0,0,0,0,0,0,0
Time Offset Relative to Last,0.02,6.10E-05,29.99999068,164,0,1,0,0,0,0,0,0,0,0,0,0,0,0,0,0,0
Time Offset Relative to Last,0.02,6.10E-05,29.99997669,164,0,1,0,0,0,0,0,0,0,0,0,0,0,0,0,0,0
Time Offset Relative to Last,0.02,6.10E-05,29.99995339,164,0,1,0,0,0,0,0,0,0,0,0,0,0,0,0,0,0
Time Offset Relative to Last,0.02,6.10E-05,29.99991842,164,0,1,0,0,0,0,0,0,0,0,0,0,0,0,0,0,0
Time Offset Relative to Last,0.02,6.10E-05,29.99986948,164,0,1,0,0,0,0,0,0,0,0,0,0,0,0,0,0,0
Time Offset Relative to Last,0.02,6.10E-05,29.99980422,164,0,1,0,0,0,0,0,0,0,0,0,0,0,0,0,0,0
Time Offset Relative to Last,0.02,6.10E-05,29.99972031,164,0,1,0,0,0,0,0,0,0,0,0,0,0,0,0,0,0
Time Offset Relative to Last,0.02,6.10E-05,29.99961542,164,0,1,0,0,0,0,0,0,0,0,0,0,0,0,0,0,0
Time Offset Relative to Last,0.02,6.10E-05,29.99948721,164,0,1,0,0,0,0,0,0,0,0,0,0,0,0,0,0,0
Time Offset Relative to Last,0.02,6.10E-05,29.99933336,164,0,1,0,0,0,0,0,0,0,0,0,0,0,0,0,0,0
Time Offset Relative to Last,0.02,6.10E-05,29.99915154,164,0,1,0,0,0,0,0,0,0,0,0,0,0,0,0,0,0
Time Offset Relative to Last,0.02,6.10E-05,29.9989394,164,0,1,0,0,0,0,0,0,0,0,0,0,0,0,0,0,0
Time Offset Relative to Last,0.02,6.10E-05,29.9986946,164,0,1,0,0,0,0,0,0,0,0,0,0,0,0,0,0,0
Time Offset Relative to Last,0.02,6.10E-05,29.99841483,164,0,1,0,0,0,0,0,0,0,0,0,0,0,0,0,0,0
Time Offset Relative to Last,0.02,6.10E-05,29.99809772,164,0,1,0,0,0,0,0,0,0,0,0,0,0,0,0,0,0
Time Offset Relative to Last,0.02,6.10E-05,29.99774095,164,0,1,0,0,0,0,0,0,0,0,0,0,0,0,0,0,0
Time Offset Relative to Last,0.02,6.10E-05,29.99734217,164,0,1,0,0,0,0,0,0,0,0,0,0,0,0,0,0,0
Time Offset Relative to Last,0.02,6.10E-05,29.99689904,164,0,1,0,0,0,0,0,0,0,0,0,0,0,0,0,0,0
Time Offset Relative to Last,0.02,6.09E-05,29.99640922,164,0,1,0,0,0,0,0,0,0,0,0,0,0,0,0,0,0
Time Offset Relative to Last,0.02,6.09E-05,29.99587034,164,0,1,0,0,0,0,0,0,0,0,0,0,0,0,0,0,0
Time Offset Relative to Last,0.02,6.09E-05,29.99528007,164,0,1,0,0,0,0,0,0,0,0,0,0,0,0,0,0,0
Time Offset Relative to Last,0.02,6.09E-05,29.99463605,164,0,1,0,0,0,0,0,0,0,0,0,0,0,0,0,0,0
Time Offset Relative to Last,0.02,6.09E-05,29.99393591,164,0,1,0,0,0,0,0,0,0,0,0,0,0,0,0,0,0
Time Offset Relative to Last,0.02,6.09E-05,29.99317731,164,0,1,0,0,0,0,0,0,0,0,0,0,0,0,0,0,0
Time Offset Relative to Last,0.02,6.09E-05,29.99235786,164,0,1,0,0,0,0,0,0,0,0,0,0,0,0,0,0,0
Time Offset Relative to Last,0.02,6.09E-05,29.99147521,164,0,1,0,0,0,0,0,0,0,0,0,0,0,0,0,0,0
Time Offset Relative to Last,0.02,6.09E-05,29.99052698,164,0,1,0,0,0,0,0,0,0,0,0,0,0,0,0,0,0
Time Offset Relative to Last,0.02,6.09E-05,29.98951079,164,0,1,0,0,0,0,0,0,0,0,0,0,0,0,0,0,0
Time Offset Relative to Last,0.02,6.08E-05,29.98842425,164,0,1,0,0,0,0,0,0,0,0,0,0,0,0,0,0,0
Time Offset Relative to Last,0.02,6.08E-05,29.98726497,164,0,1,0,0,0,0,0,0,0,0,0,0,0,0,0,0,0
Time Offset Relative to Last,0.02,6.08E-05,29.98603057,164,0,1,0,0,0,0,0,0,0,0,0,0,0,0,0,0,0
Time Offset Relative to Last,0.02,6.08E-05,29.98471863,164,0,1,0,0,0,0,0,0,0,0,0,0,0,0,0,0,0
Time Offset Relative to Last,0.02,6.08E-05,29.98332674,164,0,1,0,0,0,0,0,0,0,0,0,0,0,0,0,0,0
Time Offset Relative to Last,0.02,6.07E-05,29.98185249,164,0,1,0,0,0,0,0,0,0,0,0,0,0,0,0,0,0
Time Offset Relative to Last,0.02,6.07E-05,29.98029346,164,0,1,0,0,0,0,0,0,0,0,0,0,0,0,0,0,0
Time Offset Relative to Last,0.02,6.07E-05,29.9786472,164,0,1,0,0,0,0,0,0,0,0,0,0,0,0,0,0,0
Time Offset Relative to Last,0.02,6.07E-05,29.97691128,164,0,1,0,0,0,0,0,0,0,0,0,0,0,0,0,0,0
Time Offset Relative to Last,0.02,6.07E-05,29.97508325,164,0,1,0,0,0,0,0,0,0,0,0,0,0,0,0,0,0
Time Offset Relative to Last,0.02,6.06E-05,29.97316064,164,0,1,0,0,0,0,0,0,0,0,0,0,0,0,0,0,0
Time Offset Relative to Last,0.02,6.06E-05,29.97114099,164,0,1,0,0,0,0,0,0,0,0,0,0,0,0,0,0,0
Time Offset Relative to Last,0.02,6.06E-05,29.96902181,164,0,1,0,0,0,0,0,0,0,0,0,0,0,0,0,0,0
Time Offset Relative to Last,0.02,6.05E-05,29.9668006,164,0,1,0,0,0,0,0,0,0,0,0,0,0,0,0,0,0
Time Offset Relative to Last,0.02,6.05E-05,29.96447486,164,0,1,0,0,0,0,0,0,0,0,0,0,0,0,0,0,0
Time Offset Relative to Last,0.02,6.05E-05,29.96204208,164,0,1,0,0,0,0,0,0,0,0,0,0,0,0,0,0,0
Time Offset Relative to Last,0.02,6.04E-05,29.95949972,164,0,1,0,0,0,0,0,0,0,0,0,0,0,0,0,0,0
Time Offset Relative to Last,0.02,6.04E-05,29.95684523,164,0,1,0,0,0,0,0,0,0,0,0,0,0,0,0,0,0
Time Offset Relative to Last,0.02,6.04E-05,29.95407606,164,0,1,0,0,0,0,0,0,0,0,0,0,0,0,0,0,0
Time Offset Relative to Last,0.02,6.03E-05,29.95118962,164,0,1,0,0,0,0,0,0,0,0,0,0,0,0,0,0,0
Time Offset Relative to Last,0.02,6.03E-05,29.94818333,164,0,1,0,0,0,0,0,0,0,0,0,0,0,0,0,0,0
Time Offset Relative to Last,0.02,6.02E-05,29.94505459,164,0,1,0,0,0,0,0,0,0,0,0,0,0,0,0,0,0
Time Offset Relative to Last,0.02,6.02E-05,29.94180075,164,0,1,0,0,0,0,0,0,0,0,0,0,0,0,0,0,0
Time Offset Relative to Last,0.02,6.01E-05,29.93841919,164,0,1,0,0,0,0,0,0,0,0,0,0,0,0,0,0,0
Time Offset Relative to Last,0.02,6.01E-05,29.93490723,164,0,1,0,0,0,0,0,0,0,0,0,0,0,0,0,0,0
Time Offset Relative to Last,0.02,6.00E-05,29.9312622,164,0,1,0,0,0,0,0,0,0,0,0,0,0,0,0,0,0
Time Offset Relative to Last,0.02,6.00E-05,29.92748139,164,0,1,0,0,0,0,0,0,0,0,0,0,0,0,0,0,0
Time Offset Relative to Last,0.02,5.99E-05,29.92356208,164,0,1,0,0,0,0,0,0,0,0,0,0,0,0,0,0,0
Time Offset Relative to Last,0.02,5.99E-05,29.91950153,164,0,1,0,0,0,0,0,0,0,0,0,0,0,0,0,0,0
Time Offset Relative to Last,0.02,5.98E-05,29.91529695,164,0,1,0,0,0,0,0,0,0,0,0,0,0,0,0,0,0
Time Offset Relative to Last,0.02,5.98E-05,29.91094556,164,0,1,0,0,0,0,0,0,0,0,0,0,0,0,0,0,0
Time Offset Relative to Last,0.02,5.97E-05,29.90644454,164,0,1,0,0,0,0,0,0,0,0,0,0,0,0,0,0,0
Time Offset Relative to Last,0.02,5.96E-05,29.90179105,164,0,1,0,0,0,0,0,0,0,0,0,0,0,0,0,0,0
Time Offset Relative to Last,0.02,5.96E-05,29.8969822,164,0,1,0,0,0,0,0,0,0,0,0,0,0,0,0,0,0
Time Offset Relative to Last,0.02,5.95E-05,29.89201511,164,0,1,0,0,0,0,0,0,0,0,0,0,0,0,0,0,0
Time Offset Relative to Last,0.02,5.94E-05,29.88688683,164,0,1,0,0,0,0,0,0,0,0,0,0,0,0,0,0,0
Time Offset Relative to Last,0.02,5.94E-05,29.88159442,164,0,1,0,0,0,0,0,0,0,0,0,0,0,0,0,0,0
Time Offset Relative to Last,0.02,5.93E-05,29.87613488,164,0,1,0,0,0,0,0,0,0,0,0,0,0,0,0,0,0
Time Offset Relative to Last,0.02,5.92E-05,29.87050519,164,0,1,0,0,0,0,0,0,0,0,0,0,0,0,0,0,0
Time Offset Relative to Last,0.02,5.91E-05,29.86470228,164,0,1,0,0,0,0,0,0,0,0,0,0,0,0,0,0,0
Time Offset Relative to Last,0.02,5.90E-05,29.85872306,164,0,1,0,0,0,0,0,0,0,0,0,0,0,0,0,0,0
Time Offset Relative to Last,0.02,5.90E-05,29.85256442,164,0,1,0,0,0,0,0,0,0,0,0,0,0,0,0,0,0
Time Offset Relative to Last,0.02,5.89E-05,29.84622317,164,0,1,0,0,0,0,0,0,0,0,0,0,0,0,0,0,0
Time Offset Relative to Last,0.02,5.88E-05,29.83969611,164,0,1,0,0,0,0,0,0,0,0,0,0,0,0,0,0,0
Time Offset Relative to Last,0.02,5.87E-05,29.83297999,164,0,1,0,0,0,0,0,0,0,0,0,0,0,0,0,0,0
Time Offset Relative to Last,0.02,5.86E-05,29.82607154,164,0,1,0,0,0,0,0,0,0,0,0,0,0,0,0,0,0
Time Offset Relative to Last,0.02,5.85E-05,29.8189674,164,0,1,0,0,0,0,0,0,0,0,0,0,0,0,0,0,0
Time Offset Relative to Last,0.02,5.84E-05,29.81166421,164,0,1,0,0,0,0,0,0,0,0,0,0,0,0,0,0,0
Time Offset Relative to Last,0.02,5.83E-05,29.80415854,164,0,1,0,0,0,0,0,0,0,0,0,0,0,0,0,0,0
Time Offset Relative to Last,0.02,5.82E-05,29.79644692,164,0,1,0,0,0,0,0,0,0,0,0,0,0,0,0,0,0
Time Offset Relative to Last,0.02,5.81E-05,29.78852582,164,0,1,0,0,0,0,0,0,0,0,0,0,0,0,0,0,0
Time Offset Relative to Last,0.02,5.80E-05,29.78039168,164,0,1,0,0,0,0,0,0,0,0,0,0,0,0,0,0,0
Time Offset Relative to Last,0.02,5.79E-05,29.77204086,164,0,1,0,0,0,0,0,0,0,0,0,0,0,0,0,0,0
Time Offset Relative to Last,0.02,5.78E-05,29.76346968,164,0,1,0,0,0,0,0,0,0,0,0,0,0,0,0,0,0
Time Offset Relative to Last,0.02,5.77E-05,29.75467439,164,0,1,0,0,0,0,0,0,0,0,0,0,0,0,0,0,0
Time Offset Relative to Last,0.02,5.75E-05,29.7456512,164,0,1,0,0,0,0,0,0,0,0,0,0,0,0,0,0,0
Time Offset Relative to Last,0.02,5.74E-05,29.73639625,164,0,1,0,0,0,0,0,0,0,0,0,0,0,0,0,0,0
Time Offset Relative to Last,0.02,5.73E-05,29.72690561,164,0,1,0,0,0,0,0,0,0,0,0,0,0,0,0,0,0
Time Offset Relative to Last,0.02,5.72E-05,29.71717528,164,0,1,0,0,0,0,0,0,0,0,0,0,0,0,0,0,0
Time Offset Relative to Last,0.02,5.70E-05,29.70720121,164,0,1,0,0,0,0,0,0,0,0,0,0,0,0,0,0,0
Time Offset Relative to Last,0.02,5.69E-05,29.69697926,164,0,1,0,0,0,0,0,0,0,0,0,0,0,0,0,0,0
Time Offset Relative to Last,0.02,5.68E-05,29.68650523,164,0,1,0,0,0,0,0,0,0,0,0,0,0,0,0,0,0
Time Offset Relative to Last,0.02,5.66E-05,29.67577484,164,0,1,0,0,0,0,0,0,0,0,0,0,0,0,0,0,0
Time Offset Relative to Last,0.02,5.65E-05,29.66478372,164,0,1,0,0,0,0,0,0,0,0,0,0,0,0,0,0,0
Time Offset Relative to Last,0.02,5.63E-05,29.65352745,164,0,1,0,0,0,0,0,0,0,0,0,0,0,0,0,0,0
Time Offset Relative to Last,0.02,5.62E-05,29.64200148,164,0,1,0,0,0,0,0,0,0,0,0,0,0,0,0,0,0
Time Offset Relative to Last,0.02,5.60E-05,29.63020122,164,0,1,0,0,0,0,0,0,0,0,0,0,0,0,0,0,0
Time Offset Relative to Last,0.02,5.59E-05,29.61812196,164,0,1,0,0,0,0,0,0,0,0,0,0,0,0,0,0,0
Time Offset Relative to Last,0.02,5.57E-05,29.6057589,164,0,1,0,0,0,0,0,0,0,0,0,0,0,0,0,0,0
Time Offset Relative to Last,0.02,5.55E-05,29.59310715,164,0,1,0,0,0,0,0,0,0,0,0,0,0,0,0,0,0
Time Offset Relative to Last,0.02,5.54E-05,29.58016171,164,0,1,0,0,0,0,0,0,0,0,0,0,0,0,0,0,0
Time Offset Relative to Last,0.02,5.52E-05,29.56691749,164,0,1,0,0,0,0,0,0,0,0,0,0,0,0,0,0,0
Time Offset Relative to Last,0.02,5.50E-05,29.55336928,164,0,1,0,0,0,0,0,0,0,0,0,0,0,0,0,0,0
Time Offset Relative to Last,0.02,5.49E-05,29.53951177,164,0,1,0,0,0,0,0,0,0,0,0,0,0,0,0,0,0
Time Offset Relative to Last,0.02,5.47E-05,29.52533952,164,0,1,0,0,0,0,0,0,0,0,0,0,0,0,0,0,0
Time Offset Relative to Last,0.02,5.45E-05,29.51084698,164,0,1,0,0,0,0,0,0,0,0,0,0,0,0,0,0,0
Time Offset Relative to Last,0.02,5.43E-05,29.49602847,164,0,1,0,0,0,0,0,0,0,0,0,0,0,0,0,0,0
Time Offset Relative to Last,0.02,5.41E-05,29.48087818,164,0,1,0,0,0,0,0,0,0,0,0,0,0,0,0,0,0
Time Offset Relative to Last,0.02,5.39E-05,29.46539017,164,0,1,0,0,0,0,0,0,0,0,0,0,0,0,0,0,0
Time Offset Relative to Last,0.02,5.37E-05,29.44955836,164,0,1,0,0,0,0,0,0,0,0,0,0,0,0,0,0,0
Time Offset Relative to Last,0.02,5.35E-05,29.43337654,164,0,1,0,0,0,0,0,0,0,0,0,0,0,0,0,0,0
Time Offset Relative to Last,0.02,5.33E-05,29.41683831,164,0,1,0,0,0,0,0,0,0,0,0,0,0,0,0,0,0
Time Offset Relative to Last,0.02,5.31E-05,29.39993715,164,0,1,0,0,0,0,0,0,0,0,0,0,0,0,0,0,0
Time Offset Relative to Last,0.02,5.29E-05,29.38266638,164,0,1,0,0,0,0,0,0,0,0,0,0,0,0,0,0,0
Time Offset Relative to Last,0.02,5.27E-05,29.36501913,164,0,1,0,0,0,0,0,0,0,0,0,0,0,0,0,0,0
Time Offset Relative to Last,0.02,5.25E-05,29.34698837,164,0,1,0,0,0,0,0,0,0,0,0,0,0,0,0,0,0
Time Offset Relative to Last,0.02,5.23E-05,29.32856688,164,0,1,0,0,0,0,0,0,0,0,0,0,0,0,0,0,0
Time Offset Relative to Last,0.02,5.20E-05,29.30974727,164,0,1,0,0,0,0,0,0,0,0,0,0,0,0,0,0,0
Time Offset Relative to Last,0.02,5.18E-05,29.29052192,164,0,1,0,0,0,0,0,0,0,0,0,0,0,0,0,0,0
Time Offset Relative to Last,0.02,5.16E-05,29.27088305,164,0,1,0,0,0,0,0,0,0,0,0,0,0,0,0,0,0
Time Offset Relative to Last,0.02,5.13E-05,29.25082264,164,0,1,0,0,0,0,0,0,0,0,0,0,0,0,0,0,0
Time Offset Relative to Last,0.02,5.11E-05,29.23033245,164,0,1,0,0,0,0,0,0,0,0,0,0,0,0,0,0,0
Time Offset Relative to Last,0.02,5.08E-05,29.20940402,164,0,1,0,0,0,0,0,0,0,0,0,0,0,0,0,0,0
Time Offset Relative to Last,0.02,5.06E-05,29.18802865,164,0,1,0,0,0,0,0,0,0,0,0,0,0,0,0,0,0
Time Offset Relative to Last,0.02,5.03E-05,29.16619738,164,0,1,0,0,0,0,0,0,0,0,0,0,0,0,0,0,0
Time Offset Relative to Last,0.02,5.01E-05,29.14390102,164,0,1,0,0,0,0,0,0,0,0,0,0,0,0,0,0,0
Time Offset Relative to Last,0.02,4.98E-05,29.12113007,164,0,1,0,0,0,0,0,0,0,0,0,0,0,0,0,0,0
Time Offset Relative to Last,0.02,4.96E-05,29.09787477,164,0,1,0,0,0,0,0,0,0,0,0,0,0,0,0,0,0
Time Offset Relative to Last,0.02,4.93E-05,29.07412507,164,0,1,0,0,0,0,0,0,0,0,0,0,0,0,0,0,0
Time Offset Relative to Last,0.02,4.90E-05,29.04987061,164,0,1,0,0,0,0,0,0,0,0,0,0,0,0,0,0,0
Time Offset Relative to Last,0.02,4.87E-05,29.0251007,164,0,1,0,0,0,0,0,0,0,0,0,0,0,0,0,0,0
Time Offset Relative to Last,0.02,4.85E-05,28.99980433,164,0,1,0,0,0,0,0,0,0,0,0,0,0,0,0,0,0
Time Offset Relative to Last,0.02,4.82E-05,28.97397012,164,0,1,0,0,0,0,0,0,0,0,0,0,0,0,0,0,0
Time Offset Relative to Last,0.02,4.79E-05,28.94758635,164,0,1,0,0,0,0,0,0,0,0,0,0,0,0,0,0,0
Time Offset Relative to Last,0.02,4.76E-05,28.9206409,164,0,1,0,0,0,0,0,0,0,0,0,0,0,0,0,0,0
Time Offset Relative to Last,0.02,4.73E-05,28.89312125,164,0,1,0,0,0,0,0,0,0,0,0,0,0,0,0,0,0
Time Offset Relative to Last,0.02,4.70E-05,28.86501449,164,0,1,0,0,0,0,0,0,0,0,0,0,0,0,0,0,0
Time Offset Relative to Last,0.02,4.67E-05,28.83630723,164,0,1,0,0,0,0,0,0,0,0,0,0,0,0,0,0,0
Time Offset Relative to Last,0.02,4.63E-05,28.80698565,164,0,1,0,0,0,0,0,0,0,0,0,0,0,0,0,0,0
Time Offset Relative to Last,0.02,4.60E-05,28.77703544,164,0,1,0,0,0,0,0,0,0,0,0,0,0,0,0,0,0
Time Offset Relative to Last,0.02,4.57E-05,28.74644179,164,0,1,0,0,0,0,0,0,0,0,0,0,0,0,0,0,0
Time Offset Relative to Last,0.02,4.54E-05,28.71518935,164,0,1,0,0,0,0,0,0,0,0,0,0,0,0,0,0,0
Time Offset Relative to Last,0.02,4.50E-05,28.68326223,164,0,1,0,0,0,0,0,0,0,0,0,0,0,0,0,0,0
Time Offset Relative to Last,0.02,4.47E-05,28.65064395,164,0,1,0,0,0,0,0,0,0,0,0,0,0,0,0,0,0
Time Offset Relative to Last,0.02,4.44E-05,28.6173174,164,0,1,0,0,0,0,0,0,0,0,0,0,0,0,0,0,0
Time Offset Relative to Last,0.02,4.40E-05,28.58326486,164,0,1,0,0,0,0,0,0,0,0,0,0,0,0,0,0,0
Time Offset Relative to Last,0.02,4.37E-05,28.54846789,164,0,1,0,0,0,0,0,0,0,0,0,0,0,0,0,0,0
Time Offset Relative to Last,0.02,4.33E-05,28.51290738,164,0,1,0,0,0,0,0,0,0,0,0,0,0,0,0,0,0
Time Offset Relative to Last,0.02,4.30E-05,28.47656343,164,0,1,0,0,0,0,0,0,0,0,0,0,0,0,0,0,0
Time Offset Relative to Last,0.02,4.26E-05,28.43941537,164,0,1,0,0,0,0,0,0,0,0,0,0,0,0,0,0,0
Time Offset Relative to Last,0.02,4.22E-05,28.40144167,164,0,1,0,0,0,0,0,0,0,0,0,0,0,0,0,0,0
Time Offset Relative to Last,0.02,4.18E-05,28.36261993,164,0,1,0,0,0,0,0,0,0,0,0,0,0,0,0,0,0
Time Offset Relative to Last,0.02,4.15E-05,28.32292682,164,0,1,0,0,0,0,0,0,0,0,0,0,0,0,0,0,0
Time Offset Relative to Last,0.02,4.11E-05,28.28233802,164,0,1,0,0,0,0,0,0,0,0,0,0,0,0,0,0,0
Time Offset Relative to Last,0.02,4.07E-05,28.24082815,164,0,1,0,0,0,0,0,0,0,0,0,0,0,0,0,0,0
Time Offset Relative to Last,0.02,4.03E-05,28.19837073,164,0,1,0,0,0,0,0,0,0,0,0,0,0,0,0,0,0
Time Offset Relative to Last,0.02,3.99E-05,28.15493812,164,0,1,0,0,0,0,0,0,0,0,0,0,0,0,0,0,0
Time Offset Relative to Last,0.02,3.95E-05,28.11050142,164,0,1,0,0,0,0,0,0,0,0,0,0,0,0,0,0,0
Time Offset Relative to Last,0.02,3.91E-05,28.06503041,164,0,1,0,0,0,0,0,0,0,0,0,0,0,0,0,0,0
Time Offset Relative to Last,0.02,3.87E-05,28.01849348,164,0,1,0,0,0,0,0,0,0,0,0,0,0,0,0,0,0
Time Offset Relative to Last,0.02,3.82E-05,27.9708575,164,0,1,0,0,0,0,0,0,0,0,0,0,0,0,0,0,0
Time Offset Relative to Last,0.02,3.78E-05,27.92208778,164,0,1,0,0,0,0,0,0,0,0,0,0,0,0,0,0,0
Time Offset Relative to Last,0.02,3.74E-05,27.87214791,164,0,1,0,0,0,0,0,0,0,0,0,0,0,0,0,0,0
Time Offset Relative to Last,0.02,3.69E-05,27.8209997,164,0,1,0,0,0,0,0,0,0,0,0,0,0,0,0,0,0
Time Offset Relative to Last,0.02,3.65E-05,27.76860299,164,0,1,0,0,0,0,0,0,0,0,0,0,0,0,0,0,0
Time Offset Relative to Last,0.02,3.60E-05,27.71491561,164,0,1,0,0,0,0,0,0,0,0,0,0,0,0,0,0,0
Time Offset Relative to Last,0.02,3.56E-05,27.65989313,164,0,1,0,0,0,0,0,0,0,0,0,0,0,0,0,0,0
Time Offset Relative to Last,0.02,3.51E-05,27.60348878,164,0,1,0,0,0,0,0,0,0,0,0,0,0,0,0,0,0
Time Offset Relative to Last,0.02,3.47E-05,27.54565327,164,0,1,0,0,0,0,0,0,0,0,0,0,0,0,0,0,0
Time Offset Relative to Last,0.02,3.42E-05,27.48633454,164,0,1,0,0,0,0,0,0,0,0,0,0,0,0,0,0,0
Time Offset Relative to Last,0.02,3.37E-05,27.42547765,164,0,1,0,0,0,0,0,0,0,0,0,0,0,0,0,0,0
Time Offset Relative to Last,0.02,3.32E-05,27.36302445,164,0,1,0,0,0,0,0,0,0,0,0,0,0,0,0,0,0
Time Offset Relative to Last,0.02,3.28E-05,27.29891344,164,0,1,0,0,0,0,0,0,0,0,0,0,0,0,0,0,0
Time Offset Relative to Last,0.02,3.23E-05,27.2330794,164,0,1,0,0,0,0,0,0,0,0,0,0,0,0,0,0,0
Time Offset Relative to Last,0.02,3.18E-05,27.16545317,164,0,1,0,0,0,0,0,0,0,0,0,0,0,0,0,0,0
Time Offset Relative to Last,0.02,3.13E-05,27.09596125,164,0,1,0,0,0,0,0,0,0,0,0,0,0,0,0,0,0
Time Offset Relative to Last,0.02,3.07E-05,27.02452549,164,0,1,0,0,0,0,0,0,0,0,0,0,0,0,0,0,0
Time Offset Relative to Last,0.02,3.02E-05,26.95106267,164,0,1,0,0,0,0,0,0,0,0,0,0,0,0,0,0,0
Time Offset Relative to Last,0.02,2.97E-05,26.87548401,164,0,1,0,0,0,0,0,0,0,0,0,0,0,0,0,0,0
Time Offset Relative to Last,0.02,2.92E-05,26.79769474,164,0,1,0,0,0,0,0,0,0,0,0,0,0,0,0,0,0
Time Offset Relative to Last,0.02,2.86E-05,26.71759346,164,0,1,0,0,0,0,0,0,0,0,0,0,0,0,0,0,0
Time Offset Relative to Last,0.02,2.81E-05,26.63507158,164,0,1,0,0,0,0,0,0,0,0,0,0,0,0,0,0,0
Time Offset Relative to Last,0.02,2.76E-05,26.55001258,164,0,1,0,0,0,0,0,0,0,0,0,0,0,0,0,0,0
Time Offset Relative to Last,0.02,2.70E-05,26.46229124,164,0,1,0,0,0,0,0,0,0,0,0,0,0,0,0,0,0
Time Offset Relative to Last,0.02,2.65E-05,26.37177272,164,0,1,0,0,0,0,0,0,0,0,0,0,0,0,0,0,0
Time Offset Relative to Last,0.02,2.59E-05,26.27831159,164,0,1,0,0,0,0,0,0,0,0,0,0,0,0,0,0,0
Time Offset Relative to Last,0.02,2.53E-05,26.18175067,164,0,1,0,0,0,0,0,0,0,0,0,0,0,0,0,0,0
Time Offset Relative to Last,0.02,2.47E-05,26.08191969,164,0,1,0,0,0,0,0,0,0,0,0,0,0,0,0,0,0
Time Offset Relative to Last,0.02,2.42E-05,25.97863388,164,0,1,0,0,0,0,0,0,0,0,0,0,0,0,0,0,0
Time Offset Relative to Last,0.02,2.36E-05,25.87169218,164,0,1,0,0,0,0,0,0,0,0,0,0,0,0,0,0,0
Time Offset Relative to Last,0.02,2.30E-05,25.76087534,164,0,1,0,0,0,0,0,0,0,0,0,0,0,0,0,0,0
Time Offset Relative to Last,0.02,2.24E-05,25.64594362,164,0,1,0,0,0,0,0,0,0,0,0,0,0,0,0,0,0
Time Offset Relative to Last,0.02,2.18E-05,25.52663415,164,0,1,0,0,0,0,0,0,0,0,0,0,0,0,0,0,0
Time Offset Relative to Last,0.02,2.12E-05,25.40265786,164,0,1,0,0,0,0,0,0,0,0,0,0,0,0,0,0,0
Time Offset Relative to Last,0.02,2.05E-05,25.2736959,164,0,1,0,0,0,0,0,0,0,0,0,0,0,0,0,0,0
Time Offset Relative to Last,0.02,1.99E-05,25.13939536,164,0,1,0,0,0,0,0,0,0,0,0,0,0,0,0,0,0
Time Offset Relative to Last,0.02,1.93E-05,24.99936428,164,0,1,0,0,0,0,0,0,0,0,0,0,0,0,0,0,0
Time Offset Relative to Last,0.02,1.86E-05,24.85316563,164,0,1,0,0,0,0,0,0,0,0,0,0,0,0,0,0,0
Time Offset Relative to Last,0.02,1.80E-05,24.70031016,164,0,1,0,0,0,0,0,0,0,0,0,0,0,0,0,0,0
Time Offset Relative to Last,0.02,1.74E-05,24.54024768,164,0,1,0,0,0,0,0,0,0,0,0,0,0,0,0,0,0
Time Offset Relative to Last,0.02,1.67E-05,24.37235656,164,0,1,0,0,0,0,0,0,0,0,0,0,0,0,0,0,0
Time Offset Relative to Last,0.02,1.60E-05,24.19593074,164,0,1,0,0,0,0,0,0,0,0,0,0,0,0,0,0,0
Time Offset Relative to Last,0.02,1.54E-05,24.01016376,164,0,1,0,0,0,0,0,0,0,0,0,0,0,0,0,0,0
Time Offset Relative to Last,0.02,1.47E-05,23.81412875,164,0,1,0,0,0,0,0,0,0,0,0,0,0,0,0,0,0
Time Offset Relative to Last,0.02,1.40E-05,23.60675317,164,0,1,0,0,0,0,0,0,0,0,0,0,0,0,0,0,0
Time Offset Relative to Last,0.02,1.33E-05,23.38678664,164,0,1,0,0,0,0,0,0,0,0,0,0,0,0,0,0,0
Time Offset Relative to Last,0.02,1.26E-05,23.15275926,164,0,1,0,0,0,0,0,0,0,0,0,0,0,0,0,0,0
Time Offset Relative to Last,0.02,1.19E-05,22.90292706,164,0,1,0,0,0,0,0,0,0,0,0,0,0,0,0,0,0
Time Offset Relative to Last,0.02,1.12E-05,22.63519926,164,0,1,0,0,0,0,0,0,0,0,0,0,0,0,0,0,0
Time Offset Relative to Last,0.02,1.05E-05,22.34703978,164,0,1,0,0,0,0,0,0,0,0,0,0,0,0,0,0,0
Time Offset Relative to Last,0.02,9.75E-06,22.03533108,164,0,1,0,0,0,0,0,0,0,0,0,0,0,0,0,0,0
Time Offset Relative to Last,0.02,9.01E-06,21.6961815,164,0,1,0,0,0,0,0,0,0,0,0,0,0,0,0,0,0
Time Offset Relative to Last,0.02,8.28E-06,21.32464575,164,0,1,0,0,0,0,0,0,0,0,0,0,0,0,0,0,0
Time Offset Relative to Last,0.02,7.53E-06,20.91430639,164,0,1,0,0,0,0,0,0,0,0,0,0,0,0,0,0,0
Time Offset Relative to Last,0.02,6.78E-06,20.45662457,164,0,1,0,0,0,0,0,0,0,0,0,0,0,0,0,0,0
Time Offset Relative to Last,0.02,6.02E-06,19.93988778,164,0,1,0,0,0,0,0,0,0,0,0,0,0,0,0,0,0
Time Offset Relative to Last,0.02,5.25E-06,19.34741184,164,0,1,0,0,0,0,0,0,0,0,0,0,0,0,0,0,0
Time Offset Relative to Last,0.02,4.47E-06,18.65425597,164,0,1,0,0,0,0,0,0,0,0,0,0,0,0,0,0,0
Time Offset Relative to Last,0.02,3.69E-06,17.82067763,164,0,1,0,0,0,0,0,0,0,0,0,0,0,0,0,0,0
Time Offset Relative to Last,0.02,2.90E-06,16.77745917,164,0,1,0,0,0,0,0,0,0,0,0,0,0,0,0,0,0
Time Offset Relative to Last,0.02,2.11E-06,15.38685142,164,0,1,0,0,0,0,0,0,0,0,0,0,0,0,0,0,0
Time Offset Relative to Last,0.02,1.31E-06,13.30492846,164,0,1,0,0,0,0,0,0,0,0,0,0,0,0,0,0,0
Time Offset Relative to Last,0.02,4.95E-07,9.095446191,164,0,1,0,0,0,0,0,0,0,0,0,0,0,0,0,0,0
